-- phpMyAdmin SQL Dump
-- version 4.4.14
-- http://www.phpmyadmin.net
--
-- Host: 127.0.0.1
-- Generation Time: 12 Jan 2022 pada 14.37
-- Versi Server: 5.6.26
-- PHP Version: 5.6.12

SET SQL_MODE = "NO_AUTO_VALUE_ON_ZERO";
SET time_zone = "+00:00";


/*!40101 SET @OLD_CHARACTER_SET_CLIENT=@@CHARACTER_SET_CLIENT */;
/*!40101 SET @OLD_CHARACTER_SET_RESULTS=@@CHARACTER_SET_RESULTS */;
/*!40101 SET @OLD_COLLATION_CONNECTION=@@COLLATION_CONNECTION */;
/*!40101 SET NAMES utf8mb4 */;

--
-- Database: `spk_wp_ci`
--

-- --------------------------------------------------------

--
-- Struktur dari tabel `alternatif`
--

CREATE TABLE IF NOT EXISTS `alternatif` (
  `id_alternatif` int(11) NOT NULL,
  `nama` varchar(100) NOT NULL
) ENGINE=InnoDB AUTO_INCREMENT=31 DEFAULT CHARSET=latin1;

--
-- Dumping data untuk tabel `alternatif`
--

INSERT INTO `alternatif` (`id_alternatif`, `nama`) VALUES
(25, 'Axioo - Neon TNW C825'),
(26, 'Axioo Neon TNNC 825'),
(27, 'Acer Aspire E5-551'),
(28, 'Lenovo Ideapad 100'),
(29, 'Toshiba S40 A'),
(30, 'HP 14-G1024 U');

-- --------------------------------------------------------

--
-- Struktur dari tabel `hasil_wp`
--

CREATE TABLE IF NOT EXISTS `hasil_wp` (
  `id_hasil_wp` int(11) NOT NULL,
  `id_alternatif` int(11) NOT NULL,
  `nilai` float NOT NULL
) ENGINE=InnoDB AUTO_INCREMENT=7 DEFAULT CHARSET=latin1;

--
-- Dumping data untuk tabel `hasil_wp`
--

INSERT INTO `hasil_wp` (`id_hasil_wp`, `id_alternatif`, `nilai`) VALUES
(1, 25, 0.12262),
(2, 26, 0.220761),
(3, 27, 0.174378),
(4, 28, 0.145821),
(5, 29, 0.150784),
(6, 30, 0.185637);

-- --------------------------------------------------------

--
-- Struktur dari tabel `kriteria`
--

CREATE TABLE IF NOT EXISTS `kriteria` (
  `id_kriteria` int(11) NOT NULL,
  `keterangan` varchar(100) NOT NULL,
  `kode_kriteria` varchar(100) NOT NULL,
  `bobot` float NOT NULL,
  `jenis` varchar(100) NOT NULL
) ENGINE=InnoDB AUTO_INCREMENT=30 DEFAULT CHARSET=latin1;

--
-- Dumping data untuk tabel `kriteria`
--

INSERT INTO `kriteria` (`id_kriteria`, `keterangan`, `kode_kriteria`, `bobot`, `jenis`) VALUES
(25, 'Prosesor', 'C1', 5, 'Benefit'),
(26, 'RAM', 'C2', 4, 'Benefit'),
(27, 'Harddisk', 'C3', 3, 'Benefit'),
(28, 'VGA', 'C4', 5, 'Benefit'),
(29, 'Harga', 'C5', 3, 'Cost');

-- --------------------------------------------------------

--
-- Struktur dari tabel `penilaian`
--

CREATE TABLE IF NOT EXISTS `penilaian` (
  `id_penilaian` int(11) NOT NULL,
  `id_alternatif` int(11) NOT NULL,
  `id_kriteria` int(11) NOT NULL,
  `id_sub_kriteria` int(11) NOT NULL
) ENGINE=InnoDB AUTO_INCREMENT=180 DEFAULT CHARSET=latin1;

--
-- Dumping data untuk tabel `penilaian`
--

INSERT INTO `penilaian` (`id_penilaian`, `id_alternatif`, `id_kriteria`, `id_sub_kriteria`) VALUES
(150, 25, 25, 107),
(151, 25, 26, 113),
(152, 25, 27, 116),
(153, 25, 28, 122),
(154, 25, 29, 124),
(155, 26, 25, 105),
(156, 26, 26, 110),
(157, 26, 27, 116),
(158, 26, 28, 122),
(159, 26, 29, 127),
(160, 27, 25, 108),
(161, 27, 26, 111),
(162, 27, 27, 115),
(163, 27, 28, 119),
(164, 27, 29, 125),
(165, 28, 25, 105),
(166, 28, 26, 113),
(167, 28, 27, 116),
(168, 28, 28, 122),
(169, 28, 29, 124),
(170, 29, 25, 105),
(171, 29, 26, 113),
(172, 29, 27, 116),
(173, 29, 28, 122),
(174, 29, 29, 125),
(175, 30, 25, 105),
(176, 30, 26, 113),
(177, 30, 27, 116),
(178, 30, 28, 122),
(179, 30, 29, 128);

-- --------------------------------------------------------

--
-- Struktur dari tabel `sub_kriteria`
--

CREATE TABLE IF NOT EXISTS `sub_kriteria` (
  `id_sub_kriteria` int(11) NOT NULL,
  `id_kriteria` int(11) NOT NULL,
  `deskripsi` varchar(200) NOT NULL,
  `nilai` float NOT NULL
) ENGINE=InnoDB AUTO_INCREMENT=129 DEFAULT CHARSET=latin1;

--
-- Dumping data untuk tabel `sub_kriteria`
--

INSERT INTO `sub_kriteria` (`id_sub_kriteria`, `id_kriteria`, `deskripsi`, `nilai`) VALUES
(104, 25, 'Sangat Tinggi', 5),
(105, 25, 'Tinggi', 4),
(106, 25, 'Sedang', 3),
(107, 25, 'Rendah', 2),
(108, 25, 'Sangat Rendah', 1),
(109, 26, '16 GB', 5),
(110, 26, '8 GB ', 4),
(111, 26, '4 GB', 3),
(112, 26, '2 GB', 2),
(113, 26, '1 GB', 1),
(114, 27, '>750 GB ', 5),
(115, 27, '750 GB', 4),
(116, 27, '500 GB', 3),
(117, 27, '320 GB', 2),
(118, 27, '250 GB ', 1),
(119, 28, 'Sangat Tinggi', 5),
(120, 28, 'Tinggi', 4),
(121, 28, 'Sedang', 3),
(122, 28, 'Rendah', 2),
(123, 28, 'Sangat Rendah', 1),
(124, 29, '> 15 Jt', 5),
(125, 29, '8 – 15 Jt', 4),
(126, 29, '6 – 8 Jt', 3),
(127, 29, '4 – 6 Jt', 2),
(128, 29, '3 – 4 Jt', 1);

-- --------------------------------------------------------

--
-- Struktur dari tabel `user`
--

CREATE TABLE IF NOT EXISTS `user` (
  `id_user` int(11) NOT NULL,
  `id_user_level` int(11) NOT NULL,
  `nama` varchar(200) NOT NULL,
  `email` varchar(100) NOT NULL,
  `username` varchar(100) NOT NULL,
  `password` varchar(100) NOT NULL
) ENGINE=InnoDB AUTO_INCREMENT=8 DEFAULT CHARSET=latin1;

--
-- Dumping data untuk tabel `user`
--

INSERT INTO `user` (`id_user`, `id_user_level`, `nama`, `email`, `username`, `password`) VALUES
(1, 1, 'Admin', 'admin@gmail.com', 'admin', '21232f297a57a5a743894a0e4a801fc3'),
(7, 2, 'User', 'user@gmail.com', 'user', 'ee11cbb19052e40b07aac0ca060c23ee');

-- --------------------------------------------------------

--
-- Struktur dari tabel `user_level`
--

CREATE TABLE IF NOT EXISTS `user_level` (
  `id_user_level` int(11) NOT NULL,
  `user_level` varchar(100) NOT NULL
) ENGINE=InnoDB AUTO_INCREMENT=3 DEFAULT CHARSET=latin1;

--
-- Dumping data untuk tabel `user_level`
--

INSERT INTO `user_level` (`id_user_level`, `user_level`) VALUES
(1, 'Administrator'),
(2, 'User');

--
-- Indexes for dumped tables
--

--
-- Indexes for table `alternatif`
--
ALTER TABLE `alternatif`
  ADD PRIMARY KEY (`id_alternatif`);

--
-- Indexes for table `hasil_wp`
--
ALTER TABLE `hasil_wp`
  ADD PRIMARY KEY (`id_hasil_wp`),
  ADD KEY `id_alternatif` (`id_alternatif`);

--
-- Indexes for table `kriteria`
--
ALTER TABLE `kriteria`
  ADD PRIMARY KEY (`id_kriteria`);

--
-- Indexes for table `penilaian`
--
ALTER TABLE `penilaian`
  ADD PRIMARY KEY (`id_penilaian`),
  ADD KEY `id_alternatif` (`id_alternatif`),
  ADD KEY `id_kriteria` (`id_kriteria`),
  ADD KEY `id_sub_kriteria` (`id_sub_kriteria`);

--
-- Indexes for table `sub_kriteria`
--
ALTER TABLE `sub_kriteria`
  ADD PRIMARY KEY (`id_sub_kriteria`),
  ADD KEY `id_kriteria` (`id_kriteria`);

--
-- Indexes for table `user`
--
ALTER TABLE `user`
  ADD PRIMARY KEY (`id_user`),
  ADD KEY `id_user_level` (`id_user_level`);

--
-- Indexes for table `user_level`
--
ALTER TABLE `user_level`
  ADD PRIMARY KEY (`id_user_level`);

--
-- AUTO_INCREMENT for dumped tables
--

--
-- AUTO_INCREMENT for table `alternatif`
--
ALTER TABLE `alternatif`
  MODIFY `id_alternatif` int(11) NOT NULL AUTO_INCREMENT,AUTO_INCREMENT=31;
--
-- AUTO_INCREMENT for table `hasil_wp`
--
ALTER TABLE `hasil_wp`
  MODIFY `id_hasil_wp` int(11) NOT NULL AUTO_INCREMENT,AUTO_INCREMENT=7;
--
-- AUTO_INCREMENT for table `kriteria`
--
ALTER TABLE `kriteria`
  MODIFY `id_kriteria` int(11) NOT NULL AUTO_INCREMENT,AUTO_INCREMENT=30;
--
-- AUTO_INCREMENT for table `penilaian`
--
ALTER TABLE `penilaian`
  MODIFY `id_penilaian` int(11) NOT NULL AUTO_INCREMENT,AUTO_INCREMENT=180;
--
-- AUTO_INCREMENT for table `sub_kriteria`
--
ALTER TABLE `sub_kriteria`
  MODIFY `id_sub_kriteria` int(11) NOT NULL AUTO_INCREMENT,AUTO_INCREMENT=129;
--
-- AUTO_INCREMENT for table `user`
--
ALTER TABLE `user`
  MODIFY `id_user` int(11) NOT NULL AUTO_INCREMENT,AUTO_INCREMENT=8;
--
-- AUTO_INCREMENT for table `user_level`
--
ALTER TABLE `user_level`
  MODIFY `id_user_level` int(11) NOT NULL AUTO_INCREMENT,AUTO_INCREMENT=3;
--
-- Ketidakleluasaan untuk tabel pelimpahan (Dumped Tables)
--

--
-- Ketidakleluasaan untuk tabel `hasil_wp`
--
ALTER TABLE `hasil_wp`
  ADD CONSTRAINT `hasil_wp_ibfk_1` FOREIGN KEY (`id_alternatif`) REFERENCES `alternatif` (`id_alternatif`) ON DELETE CASCADE ON UPDATE CASCADE;

--
-- Ketidakleluasaan untuk tabel `penilaian`
--
ALTER TABLE `penilaian`
  ADD CONSTRAINT `penilaian_ibfk_1` FOREIGN KEY (`id_alternatif`) REFERENCES `alternatif` (`id_alternatif`) ON DELETE CASCADE ON UPDATE CASCADE,
  ADD CONSTRAINT `penilaian_ibfk_2` FOREIGN KEY (`id_kriteria`) REFERENCES `kriteria` (`id_kriteria`) ON DELETE CASCADE ON UPDATE CASCADE,
  ADD CONSTRAINT `penilaian_ibfk_3` FOREIGN KEY (`id_sub_kriteria`) REFERENCES `sub_kriteria` (`id_sub_kriteria`) ON DELETE CASCADE ON UPDATE CASCADE;

--
-- Ketidakleluasaan untuk tabel `sub_kriteria`
--
ALTER TABLE `sub_kriteria`
  ADD CONSTRAINT `sub_kriteria_ibfk_1` FOREIGN KEY (`id_kriteria`) REFERENCES `kriteria` (`id_kriteria`) ON DELETE CASCADE ON UPDATE CASCADE;

--
-- Ketidakleluasaan untuk tabel `user`
--
ALTER TABLE `user`
  ADD CONSTRAINT `user_ibfk_1` FOREIGN KEY (`id_user_level`) REFERENCES `user_level` (`id_user_level`) ON DELETE CASCADE ON UPDATE CASCADE;

/*!40101 SET CHARACTER_SET_CLIENT=@OLD_CHARACTER_SET_CLIENT */;
/*!40101 SET CHARACTER_SET_RESULTS=@OLD_CHARACTER_SET_RESULTS */;
/*!40101 SET COLLATION_CONNECTION=@OLD_COLLATION_CONNECTION */;
